Id,firstName,lastName,salary,managerId
123,Joe,Doe,60000,
124,,Chekov,,123
125,Bob,Ronstad,47000,123
300,Alice,Hasacat,50000,124
305,Brett,Hardleaf,34000,300
400,Alice1,Hasacat1,50000,300
500,Alice2,Hasacat2,50000,400
600,Alice3,Hasacat3,50000,500
700,Alice4,Hasacat4,50000,600